{
  "joint_0.0": {
    "joint_1.0": 0.0463462130449161,
    "joint_2.0": 0.046346228917980674,
    "joint_4.0": 0.2258663333411777
  },
  "joint_1.0": {
    "joint_0.0": 0.0463462130449161,
    "joint_2.0": 1.0,
    "joint_3.0": 0.9999999999670398,
    "joint_15.0": 0.8797113786371987
  },
  "joint_2.0": {
    "joint_0.0": 0.046346228917980674,
    "joint_1.0": 1.0,
    "joint_3.0": 0.999999999902806,
    "joint_12.0": 0.8581994675048873,
    "joint_14.0": 0.8797116885378521,
    "joint_15.0": 0.8797121865689088
  },
  "joint_3.0": {
    "joint_1.0": 0.9999999999670398,
    "joint_2.0": 0.999999999902806,
    "joint_15.0": 0.8797098863318036
  },
  "joint_4.0": {
    "joint_0.0": 0.2258663333411777,
    "joint_5.0": 0.24143695729499368,
    "joint_6.0": 0.24143696431949532,
    "joint_7.0": 0.24143694395102425,
    "joint_8.0": 0.22409906879751273
  },
  "joint_5.0": {
    "joint_4.0": 0.24143695729499368,
    "joint_6.0": 0.9999999999999005,
    "joint_7.0": 0.999999999967836,
    "joint_10.0": 0.8257357467390941
  },
  "joint_6.0": {
    "joint_4.0": 0.24143696431949532,
    "joint_5.0": 0.9999999999999005,
    "joint_7.0": 0.999999999903395,
    "joint_9.0": 0.8257352254419659,
    "joint_10.0": 0.8257361859290943,
    "joint_11.0": 0.8257335105434208
  },
  "joint_7.0": {
    "joint_4.0": 0.24143694395102425,
    "joint_5.0": 0.999999999967836,
    "joint_6.0": 0.999999999903395,
    "joint_10.0": 0.8257349294271561
  },
  "joint_8.0": {
    "joint_4.0": 0.22409906879751273,
    "joint_10.0": 0.21162586723511465,
    "joint_13.0": 0.3878890113404653
  },
  "joint_9.0": {
    "joint_6.0": 0.8257352254419659,
    "joint_10.0": 0.9999999999983121,
    "joint_11.0": 0.9999999999617372
  },
  "joint_10.0": {
    "joint_5.0": 0.8257357467390941,
    "joint_6.0": 0.8257361859290943,
    "joint_7.0": 0.8257349294271561,
    "joint_8.0": 0.21162586723511465,
    "joint_9.0": 0.9999999999983121,
    "joint_11.0": 0.9999999998893211
  },
  "joint_11.0": {
    "joint_6.0": 0.8257335105434208,
    "joint_9.0": 0.9999999999617372,
    "joint_10.0": 0.9999999998893211
  },
  "joint_12.0": {
    "joint_2.0": 0.8581994675048873,
    "joint_13.0": 0.5052776275660003,
    "joint_14.0": 0.989956428810464,
    "joint_15.0": 0.9899565360419461
  },
  "joint_13.0": {
    "joint_8.0": 0.3878890113404653,
    "joint_12.0": 0.5052776275660003,
    "joint_14.0": 0.5104093667083259,
    "joint_15.0": 0.5104116699507076
  },
  "joint_14.0": {
    "joint_2.0": 0.8797116885378521,
    "joint_12.0": 0.989956428810464,
    "joint_13.0": 0.5104093667083259,
    "joint_15.0": 0.9999999999882669
  },
  "joint_15.0": {
    "joint_1.0": 0.8797113786371987,
    "joint_2.0": 0.8797121865689088,
    "joint_3.0": 0.8797098863318036,
    "joint_12.0": 0.9899565360419461,
    "joint_13.0": 0.5104116699507076,
    "joint_14.0": 0.9999999999882669
  }
}