{
    "base": [],
    "index_L1":[[0.0, 0.0, 0.00, 0.010]],
    "index_L2":  [[0.023, -0.01754, 0.00, 0.006], [0.01302, -0.012, 0.0, 0.006]],
    "middle_L1": [[0.0, 0.0, 0.00, 0.010]],
    "middle_L2": [[0.023, -0.01754, 0.00, 0.006], [0.01302, -0.012, 0.0, 0.006]],
    "ring_L1":  [[0.0, 0.0, 0.00, 0.010]],
    "ring_L2": [[0.023, -0.01754, 0.00, 0.006], [0.01302, -0.012, 0.0, 0.006]],
    "pinky_L1": [[0.0, 0.0, 0.00, 0.010]],
    "pinky_L2":  [[0.023, -0.01754, 0.00, 0.006], [0.01302, -0.012, 0.0, 0.006]],
    "thumb_L1": [],
    "connector_plate": [],
    "palm": [[0.01, -0.012, -0.05, 0.015],[-0.03, -0.012, -0.05, 0.015],[-0.05, -0.012, -0.05, 0.015], [-0.01, -0.012, -0.05, 0.015]],
    "thumb_L2": [[-0.05, 0.0, 0.00, 0.01],[-0.03,  0.0, 0.00, 0.01],[-0.005, 0.00, 0.00, 0.009]]
 }
