{
  "l_f_joint_1": {
    "l_f_joint1_2": 1.0,
    "l_f_joint1_3": 0.999999999825686,
    "l_f_joint1_4": 0.9999999999954664,
    "l_f_joint2_2": 0.8797115422197678,
    "l_f_joint2_3": 0.8797107816171769
  },
  "l_f_joint1_2": {
    "l_f_joint_1": 1.0,
    "l_f_joint1_3": 0.9999999998505573,
    "l_f_joint1_4": 0.9999999999866499
  },
  "l_f_joint1_3": {
    "l_f_joint_1": 0.999999999825686,
    "l_f_joint1_2": 0.9999999998505573,
    "l_f_joint1_4": 0.9999999998104829
  },
  "l_f_joint1_4": {
    "l_f_joint_1": 0.9999999999954664,
    "l_f_joint1_2": 0.9999999999866499,
    "l_f_joint1_3": 0.9999999998104829,
    "l_f_joint2_1": 0.08581288208185062,
    "l_f_joint2_2": 0.8797119505670399,
    "l_f_joint2_3": 0.8797111899513735
  },
  "l_f_joint2_1": {
    "l_f_joint1_4": 0.08581288208185062,
    "l_f_joint2_2": 0.09754654106879643,
    "l_f_joint2_3": 0.0975465415893892
  },
  "l_f_joint2_2": {
    "l_f_joint_1": 0.8797115422197678,
    "l_f_joint1_4": 0.8797119505670399,
    "l_f_joint2_1": 0.09754654106879643,
    "l_f_joint2_3": 0.9999999999370757
  },
  "l_f_joint2_3": {
    "l_f_joint_1": 0.8797107816171769,
    "l_f_joint1_4": 0.8797111899513735,
    "l_f_joint2_1": 0.0975465415893892,
    "l_f_joint2_2": 0.9999999999370757
  },
  "l_f_joint3_1": {
    "l_f_joint3_2": 0.20792109249215326,
    "l_f_joint3_3": 0.20792109235357067,
    "l_f_joint4_3": 0.1716879113805584
  },
  "l_f_joint3_2": {
    "l_f_joint3_1": 0.20792109249215326,
    "l_f_joint3_3": 0.9999999999575845,
    "l_f_joint4_2": 0.8257355869215519,
    "l_f_joint4_3": 0.8257360194697553
  },
  "l_f_joint3_3": {
    "l_f_joint3_1": 0.20792109235357067,
    "l_f_joint3_2": 0.9999999999575845,
    "l_f_joint4_2": 0.8257346448140506,
    "l_f_joint4_3": 0.8257350773474551
  },
  "l_f_joint4_2": {
    "l_f_joint3_2": 0.8257355869215519,
    "l_f_joint3_3": 0.8257346448140506,
    "l_f_joint4_3": 0.9999999999969792,
    "l_f_joint5_2": 0.954349163640892,
    "l_f_joint5_3": 0.9543491882568627
  },
  "l_f_joint4_3": {
    "l_f_joint3_1": 0.1716879113805584,
    "l_f_joint3_2": 0.8257360194697553,
    "l_f_joint3_3": 0.8257350773474551,
    "l_f_joint4_2": 0.9999999999969792,
    "l_f_joint5_2": 0.9543493502199725,
    "l_f_joint5_3": 0.9543493748187628
  },
  "l_f_joint5_2": {
    "l_f_joint4_2": 0.954349163640892,
    "l_f_joint4_3": 0.9543493502199725,
    "l_f_joint5_3": 0.9999999999726196
  },
  "l_f_joint5_3": {
    "l_f_joint4_2": 0.9543491882568627,
    "l_f_joint4_3": 0.9543493748187628,
    "l_f_joint5_2": 0.9999999999726196
  }
}