{
  "index_q1": {
    "index_q2": 1.0,
    "thumb_q1": 0.8761784391931309,
    "thumb_q2": 0.8785794182155272
  },
  "index_q2": {
    "index_q1": 1.0,
    "thumb_q1": 0.8763882808607238,
    "thumb_q2": 0.8794643147594525
  },
  "middle_q1": {
    "middle_q2": 0.9982681935075806,
    "ring_q1": 0.8332061282994685,
    "ring_q2": 0.8215903542845205
  },
  "middle_q2": {
    "middle_q1": 0.9982681935075806,
    "ring_q1": 0.8354517247818661,
    "ring_q2": 0.8259543500592277
  },
  "pinky_q1": {
    "pinky_q2": 0.9971416358323839,
    "ring_q1": 0.9481810258832545,
    "ring_q2": 0.946304414079472
  },
  "pinky_q2": {
    "pinky_q1": 0.9971416358323839,
    "ring_q1": 0.9529554921025578,
    "ring_q2": 0.9545948138786783
  },
  "ring_q1": {
    "middle_q1": 0.8332061282994685,
    "middle_q2": 0.8354517247818661,
    "pinky_q1": 0.9481810258832545,
    "pinky_q2": 0.9529554921025578,
    "ring_q2": 0.9991565014803107
  },
  "ring_q2": {
    "middle_q1": 0.8215903542845205,
    "middle_q2": 0.8259543500592277,
    "pinky_q1": 0.946304414079472,
    "pinky_q2": 0.9545948138786783,
    "ring_q1": 0.9991565014803107
  },
  "thumb_q1": {
    "index_q1": 0.8761784391931309,
    "index_q2": 0.8763882808607238,
    "thumb_q2": 0.9995608015488067
  },
  "thumb_q2": {
    "index_q1": 0.8785794182155272,
    "index_q2": 0.8794643147594525,
    "thumb_q1": 0.9995608015488067
  }
}