{"index_L1": {"contact_candidates": [[0.0013966705882921815, 0.00960887037217617, -0.01604291796684265], [-0.0044890400022268295, 0.009662870317697525, -0.009557671844959259], [-0.0041704438626766205, 0.010789223946630955, -0.022610830143094063], [0.004611506126821041, 0.009378382936120033, -0.00902215763926506]], "normal_candidates": [[0.2308233380317688, 0.9701588749885559, 0.07424547523260117], [-0.6236333250999451, 0.7805779576301575, 0.04218393564224243], [-0.7559249401092529, 0.6525190472602844, 0.052880845963954926], [0.6428141593933105, 0.7650070190429688, 0.03942383825778961]]}, "index_L2": {"contact_candidates": [[0.0033028656616806984, -0.015915125608444214, -0.03527674451470375], [-0.004927835892885923, -0.007737858220934868, -0.01892627403140068], [0.005573919974267483, -0.009956029243767262, -0.024674709886312485], [-0.005191151052713394, -0.011749017983675003, -0.029739150777459145], [-0.004161769058555365, -0.017806174233555794, -0.034840479493141174], [0.0023685048799961805, -0.010515638627111912, -0.03091331012547016], [-0.0015348411398008466, -0.008135036565363407, -0.025051090866327286], [0.00233092182315886, -0.007035854272544384, -0.020050786435604095]], "normal_candidates": [[0.47470641136169434, 0.15060631930828094, -0.8671629428863525], [-0.4601936340332031, 0.8645223379135132, -0.20204702019691467], [0.7504344582557678, 0.6358804702758789, -0.18028903007507324], [-0.6791783571243286, 0.6593700647354126, -0.3224094808101654], [-0.8222084641456604, -0.015486400574445724, -0.5689757466316223], [0.3642876446247101, 0.8375227451324463, -0.40724706649780273], [-0.17783039808273315, 0.9535702466964722, -0.2430640161037445], [0.21882225573062897, 0.9456092715263367, -0.24070703983306885]]}, "middle_L1": {"contact_candidates": [[0.0013966705882921815, 0.00960887037217617, -0.01604291796684265], [-0.0044890400022268295, 0.009662870317697525, -0.009557671844959259], [-0.0041704438626766205, 0.010789223946630955, -0.022610830143094063], [0.004611506126821041, 0.009378382936120033, -0.00902215763926506]], "normal_candidates": [[0.2308233380317688, 0.9701588749885559, 0.07424547523260117], [-0.6236333250999451, 0.7805779576301575, 0.04218393564224243], [-0.7559249401092529, 0.6525190472602844, 0.052880845963954926], [0.6428141593933105, 0.7650070190429688, 0.03942383825778961]]}, "middle_L2": {"contact_candidates": [[0.0033028656616806984, -0.015915125608444214, -0.03527674451470375], [-0.004927835892885923, -0.007737858220934868, -0.01892627403140068], [0.005573919974267483, -0.009956029243767262, -0.024674709886312485], [-0.005191151052713394, -0.011749017983675003, -0.029739150777459145], [-0.004161769058555365, -0.017806174233555794, -0.034840479493141174], [0.0023685048799961805, -0.010515638627111912, -0.03091331012547016], [-0.0015348411398008466, -0.008135036565363407, -0.025051090866327286], [0.00233092182315886, -0.007035854272544384, -0.020050786435604095]], "normal_candidates": [[0.47470641136169434, 0.15060631930828094, -0.8671629428863525], [-0.4601936340332031, 0.8645223379135132, -0.20204702019691467], [0.7504344582557678, 0.6358804702758789, -0.18028903007507324], [-0.6791783571243286, 0.6593700647354126, -0.3224094808101654], [-0.8222084641456604, -0.015486400574445724, -0.5689757466316223], [0.3642876446247101, 0.8375227451324463, -0.40724706649780273], [-0.17783039808273315, 0.9535702466964722, -0.2430640161037445], [0.21882225573062897, 0.9456092715263367, -0.24070703983306885]]}, "palm": {"contact_candidates": [], "normal_candidates": []}, "pinky_L1": {"contact_candidates": [[0.0013966705882921815, 0.00960887037217617, -0.01604291796684265], [-0.0044890400022268295, 0.009662870317697525, -0.009557671844959259], [-0.0041704438626766205, 0.010789223946630955, -0.022610830143094063], [0.004611506126821041, 0.009378382936120033, -0.00902215763926506]], "normal_candidates": [[0.2308233380317688, 0.9701588749885559, 0.07424547523260117], [-0.6236333250999451, 0.7805779576301575, 0.04218393564224243], [-0.7559249401092529, 0.6525190472602844, 0.052880845963954926], [0.6428141593933105, 0.7650070190429688, 0.03942383825778961]]}, "pinky_L2": {"contact_candidates": [[0.0033028656616806984, -0.015915125608444214, -0.03527674451470375], [-0.004927835892885923, -0.007737858220934868, -0.01892627403140068], [0.005573919974267483, -0.009956029243767262, -0.024674709886312485], [-0.005191151052713394, -0.011749017983675003, -0.029739150777459145], [-0.004161769058555365, -0.017806174233555794, -0.034840479493141174], [0.0023685048799961805, -0.010515638627111912, -0.03091331012547016], [-0.0015348411398008466, -0.008135036565363407, -0.025051090866327286], [0.00233092182315886, -0.007035854272544384, -0.020050786435604095]], "normal_candidates": [[0.47470641136169434, 0.15060631930828094, -0.8671629428863525], [-0.4601936340332031, 0.8645223379135132, -0.20204702019691467], [0.7504344582557678, 0.6358804702758789, -0.18028903007507324], [-0.6791783571243286, 0.6593700647354126, -0.3224094808101654], [-0.8222084641456604, -0.015486400574445724, -0.5689757466316223], [0.3642876446247101, 0.8375227451324463, -0.40724706649780273], [-0.17783039808273315, 0.9535702466964722, -0.2430640161037445], [0.21882225573062897, 0.9456092715263367, -0.24070703983306885]]}, "ring_L1": {"contact_candidates": [[0.0013966705882921815, 0.00960887037217617, -0.01604291796684265], [-0.0044890400022268295, 0.009662870317697525, -0.009557671844959259], [-0.0041704438626766205, 0.010789223946630955, -0.022610830143094063], [0.004611506126821041, 0.009378382936120033, -0.00902215763926506]], "normal_candidates": [[0.2308233380317688, 0.9701588749885559, 0.07424547523260117], [-0.6236333250999451, 0.7805779576301575, 0.04218393564224243], [-0.7559249401092529, 0.6525190472602844, 0.052880845963954926], [0.6428141593933105, 0.7650070190429688, 0.03942383825778961]]}, "ring_L2": {"contact_candidates": [[0.0033028656616806984, -0.015915125608444214, -0.03527674451470375], [-0.004927835892885923, -0.007737858220934868, -0.01892627403140068], [0.005573919974267483, -0.009956029243767262, -0.024674709886312485], [-0.005191151052713394, -0.011749017983675003, -0.029739150777459145], [-0.004161769058555365, -0.017806174233555794, -0.034840479493141174], [0.0023685048799961805, -0.010515638627111912, -0.03091331012547016], [-0.0015348411398008466, -0.008135036565363407, -0.025051090866327286], [0.00233092182315886, -0.007035854272544384, -0.020050786435604095]], "normal_candidates": [[0.47470641136169434, 0.15060631930828094, -0.8671629428863525], [-0.4601936340332031, 0.8645223379135132, -0.20204702019691467], [0.7504344582557678, 0.6358804702758789, -0.18028903007507324], [-0.6791783571243286, 0.6593700647354126, -0.3224094808101654], [-0.8222084641456604, -0.015486400574445724, -0.5689757466316223], [0.3642876446247101, 0.8375227451324463, -0.40724706649780273], [-0.17783039808273315, 0.9535702466964722, -0.2430640161037445], [0.21882225573062897, 0.9456092715263367, -0.24070703983306885]]}, "thumb_L1": {"contact_candidates": [], "normal_candidates": []},